electrode_count,optimal_resistance_ohm,max_energy_J
2,3.162277660168e+10,3.329663264315e-03
4,1.412537544623e+10,3.466312958533e-03
6,8.912509381337e+09,3.523998477856e-03
